{"data":[{"files":[{"branches":[[7,9,7,15,0,1,0,0,4],[9,13,9,26,0,0,0,0,4],[12,16,12,21,1,0,0,0,4],[14,13,14,24,1,0,0,0,4],[17,16,17,22,0,0,0,0,4],[20,13,20,23,0,0,0,0,4],[25,13,25,19,0,0,0,0,4]],"expansions":[],"filename":"/data/wenxuan/GetCov/tests/c_code/main.c","segments":[[3,27,1,true,true,false],[6,1,0,false,true,false],[6,5,1,true,false,false],[7,9,1,true,true,false],[7,15,1,true,false,false],[7,16,0,true,false,true],[7,17,0,true,true,false],[9,13,0,true,true,false],[9,26,0,true,false,false],[9,28,0,true,true,false],[11,10,0,true,false,false],[12,6,1,true,false,true],[12,12,1,true,true,false],[12,16,1,true,true,false],[12,21,1,true,false,false],[12,23,1,true,true,false],[14,13,1,true,true,false],[14,24,1,true,false,false],[14,26,1,true,true,false],[16,10,1,true,false,false],[17,6,0,true,false,true],[17,12,0,true,true,false],[17,16,0,true,true,false],[17,22,0,true,false,false],[17,24,0,true,true,false],[20,13,0,true,true,false],[20,23,0,true,false,false],[20,25,0,true,true,false],[22,10,0,true,false,false],[23,12,0,true,true,false],[25,13,0,true,true,false],[25,19,0,true,false,false],[25,21,0,true,true,false],[27,10,0,true,false,false],[28,6,1,true,false,false],[29,2,0,false,false,false],[31,12,1,true,true,false],[34,2,0,false,false,false]],"summary":{"branches":{"count":14,"covered":3,"notcovered":11,"percent":21.428571428571427},"functions":{"count":2,"covered":2,"percent":100},"instantiations":{"count":2,"covered":2,"percent":100},"lines":{"count":30,"covered":15,"percent":50},"regions":{"count":19,"covered":8,"notcovered":11,"percent":42.105263157894733}}}],"functions":[{"branches":[[7,9,7,15,0,1,0,0,4],[9,13,9,26,0,0,0,0,4],[12,16,12,21,1,0,0,0,4],[14,13,14,24,1,0,0,0,4],[17,16,17,22,0,0,0,0,4],[20,13,20,23,0,0,0,0,4],[25,13,25,19,0,0,0,0,4]],"count":1,"filenames":["/data/wenxuan/GetCov/tests/c_code/main.c"],"name":"test_function","regions":[[3,27,29,2,1,0,0,0],[6,1,6,5,0,0,0,2],[7,9,7,15,1,0,0,0],[7,16,7,17,0,0,0,3],[7,17,12,6,0,0,0,0],[9,13,9,26,0,0,0,0],[9,27,9,28,0,0,0,3],[9,28,11,10,0,0,0,0],[12,6,12,12,1,0,0,3],[12,12,28,6,1,0,0,0],[12,16,12,21,1,0,0,0],[12,22,12,23,1,0,0,3],[12,23,17,6,1,0,0,0],[14,13,14,24,1,0,0,0],[14,25,14,26,1,0,0,3],[14,26,16,10,1,0,0,0],[17,6,17,12,0,0,0,3],[17,12,28,6,0,0,0,0],[17,16,17,22,0,0,0,0],[17,23,17,24,0,0,0,3],[17,24,23,6,0,0,0,0],[20,13,20,23,0,0,0,0],[20,24,20,25,0,0,0,3],[20,25,22,10,0,0,0,0],[23,6,23,12,0,0,0,3],[23,12,28,6,0,0,0,0],[25,13,25,19,0,0,0,0],[25,20,25,21,0,0,0,3],[25,21,27,10,0,0,0,0]]},{"branches":[],"count":1,"filenames":["/data/wenxuan/GetCov/tests/c_code/main.c"],"name":"main","regions":[[31,12,34,2,1,0,0,0]]}],"totals":{"branches":{"count":14,"covered":3,"notcovered":11,"percent":21.428571428571427},"functions":{"count":2,"covered":2,"percent":100},"instantiations":{"count":2,"covered":2,"percent":100},"lines":{"count":30,"covered":15,"percent":50},"regions":{"count":19,"covered":8,"notcovered":11,"percent":42.105263157894733}}}],"type":"llvm.coverage.json.export","version":"2.0.1"}